continental_source,fit_seasons_max,league,destination,factor,factor_raw,se,ci_lo,ci_hi,n_pairs,n_clusters,reliable,tier_mean,tau
api,2025,aba-league,euroleague,0.796192,0.785663,0.017947,0.747624,0.817619,183,18,True,0.851693,0.041205
api,2025,france-pro-a,euroleague,0.846284,0.845737,0.013103,0.818371,0.870739,173,22,True,0.851693,0.041205
api,2025,germany-bbl,euroleague,0.812407,0.808793,0.012497,0.784248,0.833740,211,19,True,0.851693,0.041205
api,2025,greece-a1,euroleague,0.801226,0.795767,0.013552,0.770814,0.823984,213,25,True,0.851693,0.041205
api,2025,israel-bsl,euroleague,0.832604,0.828840,0.018298,0.790407,0.863348,113,15,True,0.851693,0.041205
api,2025,italy-lba,euroleague,0.879447,0.884371,0.017354,0.850820,0.916633,183,21,True,0.851693,0.041205
api,2025,lithuania-lkl,euroleague,0.795129,0.785847,0.016691,0.755917,0.821716,119,10,True,0.851693,0.041205
api,2025,spain-acb,euroleague,0.919287,0.921289,0.007091,0.907452,0.935321,487,48,True,0.851693,0.041205
api,2025,turkey-bsl,euroleague,0.836788,0.836067,0.009062,0.818959,0.854669,273,34,True,0.851693,0.041205
api,2025,vtb,euroleague,0.827153,0.824993,0.012225,0.800781,0.849340,172,17,True,0.851693,0.041205
api,2025,aba-league,eurocup,0.904627,0.896628,0.018749,0.860871,0.933553,289,30,True,0.947159,0.043233
api,2025,france-pro-a,eurocup,0.966471,0.969453,0.016989,0.937132,1.001823,205,29,True,0.947159,0.043233
api,2025,germany-bbl,eurocup,0.935919,0.934474,0.015506,0.904969,0.965671,230,26,True,0.947159,0.043233
api,2025,greece-a1,eurocup,0.980628,0.994668,0.028000,0.932879,1.043288,53,10,False,0.947159,0.043233
api,2025,israel-bsl,eurocup,0.964966,0.975297,0.032929,0.906394,1.035911,77,12,True,0.947159,0.043233
api,2025,italy-lba,eurocup,0.960215,0.961522,0.013677,0.934188,0.987656,256,31,True,0.947159,0.043233
api,2025,lithuania-lkl,eurocup,0.892245,0.886554,0.013918,0.861295,0.914760,148,16,True,0.947159,0.043233
api,2025,spain-acb,eurocup,1.036106,1.048999,0.016460,1.016406,1.080785,326,39,True,0.947159,0.043233
api,2025,turkey-bsl,eurocup,0.939742,0.939081,0.012899,0.914834,0.964861,221,31,True,0.947159,0.043233
api,2025,vtb,eurocup,0.936723,0.935623,0.014039,0.909984,0.964003,142,16,True,0.947159,0.043233
