from,to,factor,se_log,ci95,effective_resistance,direct_pairs
aba-league,france-pro-a,0.9228260377336067,0.017787960496268324,"[0.8912066574362459, 0.955567251224253]",1.515671543195738e-05,0
aba-league,germany-bbl,0.9599513293194395,0.017231009981145816,"[0.9280724538315792, 0.9929252299835938]",1.4222444647447294e-05,0
aba-league,greece-a1,0.9750786205861532,0.020260310897931042,"[0.937116769325697, 1.0145782760971491]",1.966278339247477e-05,0
aba-league,israel-bsl,0.9333883943532261,0.022097994838056013,"[0.8938243951050568, 0.9747036436736481]",2.3391524107018053e-05,0
aba-league,italy-lba,0.9084312123799777,0.017368756683297473,"[0.8780261758864474, 0.9398891403129228]",1.4450745305986309e-05,0
aba-league,lithuania-lkl,0.9965731546351856,0.01981727988628764,"[0.9586065120137363, 1.0360435069997669]",1.8812255583079307e-05,0
aba-league,spain-acb,0.8446379748227238,0.015106572831298178,"[0.8199958019254564, 0.8700206840540469]",1.0931623910041592e-05,0
aba-league,turkey-bsl,0.9431232273097374,0.01704126134777897,"[0.9121423630126869, 0.9751563549282963]",1.3910932972269737e-05,0
aba-league,vtb,0.9466301286542144,0.01930269960204309,"[0.9114850149825365, 0.983130370490033]",1.784797250585394e-05,0
france-pro-a,aba-league,1.083627855208688,0.017787960496268324,"[1.0464988191242643, 1.122074203167111]",1.5156715431957378e-05,0
france-pro-a,germany-bbl,1.0402300000951532,0.01734223846653196,"[1.0054659392795182, 1.0761960309399858]",1.4406652862656256e-05,0
france-pro-a,greece-a1,1.0566223542856192,0.020293932169752716,"[1.015418918855772, 1.099497733245074]",1.9728096932279906e-05,0
france-pro-a,israel-bsl,1.0114456638496674,0.022168491558723226,"[0.9684391902531065, 1.056361970081903]",2.3541008809384114e-05,0
france-pro-a,italy-lba,0.9844013662759434,0.01749916527149066,"[0.9512104605321948, 1.018750413429821]",1.466855893087992e-05,0
france-pro-a,lithuania-lkl,1.0799144301158823,0.019918661120147358,"[1.0385663274714823, 1.1229087112922342]",1.9005227387988882e-05,0
france-pro-a,spain-acb,0.9152732370849581,0.015192532019334551,"[0.8884205984007493, 0.9429375005847134]",1.1056383772338753e-05,0
france-pro-a,turkey-bsl,1.0219946000071467,0.01714491386132667,"[0.9882220859431481, 1.0569212905689458]",1.4080672557422439e-05,0
france-pro-a,vtb,1.0257947759894908,0.01940200367825476,"[0.9875183265275004, 1.0655548299012012]",1.8032085144527655e-05,0
germany-bbl,aba-league,1.0417194804125676,0.017231009981145816,"[1.0071251790192934, 1.0775020806527178]",1.4222444647447294e-05,0
germany-bbl,france-pro-a,0.9613258605390411,0.01734223846653196,"[0.9291987437702834, 0.9945637747973493]",1.4406652862656256e-05,0
germany-bbl,greece-a1,1.0157583939984107,0.019746639762401135,"[0.9771961355321477, 1.05584240201315]",1.8678379330383985e-05,0
germany-bbl,israel-bsl,0.9723288731887633,0.021696673184979934,"[0.9318469781708, 1.0145694086945267]",2.2549612270626072e-05,0
germany-bbl,italy-lba,0.9463304905510291,0.016926687556179366,"[0.9154498247232226, 0.9782528470277547]",1.3724506580839623e-05,0
germany-bbl,lithuania-lkl,1.0381496688396787,0.019408392459475635,"[0.9993996950175787, 1.078402105068661]",1.80439624759776e-05,0
germany-bbl,spain-acb,0.8798758322690512,0.014483059109190111,"[0.8552501523292472, 0.9052105727227249]",1.004785572541499e-05,0
germany-bbl,turkey-bsl,0.9824698383181235,0.016539185631368112,"[0.9511319870138581, 1.0148402076511973]",1.310331035372537e-05,0
germany-bbl,vtb,0.9861230457645501,0.01887438048315529,"[0.9503091511641789, 1.023286643295673]",1.7064681835734504e-05,0
greece-a1,aba-league,1.0255583282083096,0.020260310897931042,"[0.9856311962905134, 1.0671028763251678]",1.966278339247477e-05,0
greece-a1,france-pro-a,0.9464119284851761,0.020293932169752716,"[0.9095061952047734, 0.9848152141254697]",1.9728096932279902e-05,0
greece-a1,germany-bbl,0.9844860804581889,0.019746639762401135,"[0.947111044312412, 1.023336015809594]",1.867837933038398e-05,0
greece-a1,israel-bsl,0.957244241281933,0.024022052428613792,"[0.9132186632827544, 1.0033922589509212]",2.7642225477561353e-05,0
greece-a1,italy-lba,0.9316491954606578,0.019971035915583947,"[0.8958859471222919, 0.9688400919676551]",1.910530475293009e-05,0
greece-a1,lithuania-lkl,1.022043898404942,0.022064178595086043,"[0.9787868857885376, 1.067212633754522]",2.331998746035093e-05,0
greece-a1,spain-acb,0.8662255094004451,0.017717094337438392,"[0.8366616715882705, 0.8968339994727443]",1.5036189120666637e-05,0
greece-a1,turkey-bsl,0.9672278802941999,0.019535644758667894,"[0.9308929259460009, 1.0049810739164207]",1.8281350821535972e-05,0
greece-a1,vtb,0.9708244121742332,0.021577870513696577,"[0.930621826892202, 1.0127637371464955]",2.2303342283707342e-05,0
israel-bsl,aba-league,1.071365367353781,0.022097994838056016,"[1.0259528693573055, 1.1187879917760173]",2.3391524107018056e-05,0
israel-bsl,france-pro-a,0.9886838569200999,0.02216849155872322,"[0.9466452109426724, 1.032589356218272]",2.3541008809384094e-05,0
israel-bsl,germany-bbl,1.0284586085780718,0.02169667318497993,"[0.9856398107712772, 1.0731375681047797]",2.254961227062607e-05,0
israel-bsl,greece-a1,1.0446654645431024,0.024022052428613792,"[0.9966192095656908, 1.0950279929729996]",2.7642225477561356e-05,0
israel-bsl,italy-lba,0.9732617395671156,0.021853224249642655,"[0.932454847207416, 1.0158544583065516]",2.2876197054385307e-05,0
israel-bsl,lithuania-lkl,1.0676939639106422,0.023813810396203696,"[1.0190044084194712, 1.1187099792231252]",2.7165053655510063e-05,0
israel-bsl,spain-acb,0.9049158741769013,0.019960381872286843,"[0.8701970099216337, 0.9410199414625543]",1.9084925795038764e-05,0
israel-bsl,turkey-bsl,1.0104295628865805,0.021525778223100974,"[0.9686857964975729, 1.0539722015607402]",2.219578488909176e-05,0
israel-bsl,vtb,1.0141867355337795,0.02337576306400825,"[0.9687686469258898, 1.0617341279536163]",2.6174860600937522e-05,0
italy-lba,aba-league,1.100798812691743,0.017368756683297473,"[1.0639552656891686, 1.1389182093465595]",1.4450745305986305e-05,0
italy-lba,france-pro-a,1.0158458066581797,0.017499165271490667,"[0.9815946936731105, 1.051292055220364]",1.4668558930879928e-05,0
italy-lba,germany-bbl,1.0567132835566992,0.016926687556179362,"[1.0222306053474008, 1.092359158299408]",1.3724506580839617e-05,0
italy-lba,greece-a1,1.07336538782234,0.019971035915583947,"[1.0321620753421352, 1.1162135126822077]",1.910530475293009e-05,0
italy-lba,israel-bsl,1.0274728362842835,0.021853224249642655,"[0.9843929825016653, 1.0724379877426484]",2.2876197054385307e-05,0
italy-lba,lithuania-lkl,1.097026545382877,0.019555593740538644,"[1.0557742831607992, 1.139890656998884]",1.8318706183583828e-05,0
italy-lba,spain-acb,0.9297764798392126,0.01473743852748446,"[0.9033037119666922, 0.9570250747448209]",1.0403915048564363e-05,0
italy-lba,turkey-bsl,1.0381889288445636,0.01672896812663029,"[1.0047000136051112, 1.072794105086035]",1.3405749244573894e-05,0
italy-lba,vtb,1.0420493216807911,0.01903150701832438,"[1.0038950883373996, 1.081653652289259]",1.7349986576029103e-05,0
lithuania-lkl,aba-league,1.0034386290147148,0.01981727988628764,"[0.965210431071429, 1.0431808958811564]",1.8812255583079307e-05,0
lithuania-lkl,france-pro-a,0.9259992941224918,0.019918661120147358,"[0.8905443425131221, 0.9628658021627017]",1.9005227387988886e-05,0
lithuania-lkl,germany-bbl,0.9632522458131514,0.019408392459475638,"[0.9272978931512108, 1.0006006655649526]",1.8043962475977603e-05,0
lithuania-lkl,greece-a1,0.9784315542225289,0.022064178595086036,"[0.9370203915989416, 1.021672863132379]",2.331998746035092e-05,0
lithuania-lkl,israel-bsl,0.9365979707680472,0.023813810396203696,"[0.8938867253999451, 0.9813500233537282]",2.716505365551006e-05,0
lithuania-lkl,italy-lba,0.9115549703047401,0.019555593740538644,"[0.877277126415625, 0.9471721521821681]",1.8318706183583828e-05,0
lithuania-lkl,spain-acb,0.8475423714698793,0.017500611405333703,"[0.8189635975956258, 0.8771184379204495]",1.4670983455213503e-05,0
lithuania-lkl,turkey-bsl,0.9463662782036162,0.019229278426679982,"[0.9113621009757369, 0.9827149182109867]",1.77124549935195e-05,0
lithuania-lkl,vtb,0.9498852384808081,0.02126897852159978,"[0.911101199988905, 0.9903202479534975]",2.1669358246552034e-05,0
spain-acb,aba-league,1.1839391902902354,0.015106572831298183,"[1.1493979606786895, 1.2195184385723323]",1.0931623910041599e-05,0
spain-acb,france-pro-a,1.0925699118930725,0.015192532019334555,"[1.060515675089709, 1.1255929925534205]",1.1056383772338758e-05,0
spain-acb,germany-bbl,1.1365239995524925,0.014483059109190111,"[1.1047153337948363, 1.1692485494174203]",1.004785572541499e-05,0
spain-acb,greece-a1,1.1544337925260901,0.017717094337438392,"[1.1150335520150971, 1.195226259261593]",1.5036189120666637e-05,0
spain-acb,israel-bsl,1.1050750998368615,0.019960381872286843,"[1.0626767361016576, 1.149165061013087]",1.908492579503876e-05,0
spain-acb,italy-lba,1.0755273140195278,0.01473743852748446,"[1.0449047014433115, 1.107047371501196]",1.0403915048564363e-05,0
spain-acb,lithuania-lkl,1.1798820137637671,0.017500611405333703,"[1.1400968863120573, 1.2210554937189815]",1.4670983455213501e-05,0
spain-acb,turkey-bsl,1.1166005500850043,0.014216454669457085,"[1.085916787214223, 1.1481513161322678]",9.681338238016284e-06,0
spain-acb,vtb,1.1207525080232121,0.0168949081884466,"[1.0842476342516154, 1.1584864421745438]",1.3673020227724356e-05,0
turkey-bsl,aba-league,1.0603068305851229,0.01704126134777897,"[1.025476576085617, 1.0963200927288705]",1.3910932972269735e-05,0
turkey-bsl,france-pro-a,0.9784787512507475,0.017144913861326678,"[0.9461442483211737, 1.0119182866122762]",1.4080672557422446e-05,0
turkey-bsl,germany-bbl,1.0178429515066703,0.01653918563136811,"[0.985376803619612, 1.051378792484486]",1.3103310353725368e-05,0
turkey-bsl,greece-a1,1.0338825217650176,0.019535644758667894,"[0.9950436142075697, 1.074237403817169]",1.8281350821535972e-05,0
turkey-bsl,israel-bsl,0.9896780901216058,0.021525778223100974,"[0.9487916270649099, 1.0323264815233673]",2.219578488909176e-05,0
turkey-bsl,italy-lba,0.9632158196032147,0.01672896812663029,"[0.9321453159176363, 0.9953219731845664]",1.3405749244573894e-05,0
turkey-bsl,lithuania-lkl,1.056673323037451,0.019229278426679985,"[1.0175891110114421, 1.0972587064234558]",1.7712454993519504e-05,0
turkey-bsl,spain-acb,0.8955754140761191,0.014216454669457085,"[0.8709653387574913, 0.9208808739068935]",9.681338238016284e-06,0
turkey-bsl,vtb,1.0037183914497372,0.018687609972728024,"[0.967619623147959, 1.0411638884057626]",1.6728627356932225e-05,0
vtb,aba-league,1.0563788006849721,0.019302699602043092,"[1.017159097121126, 1.0971107407828962]",1.7847972505853944e-05,0
vtb,france-pro-a,0.9748538629818924,0.01940200367825476,"[0.9384782199267216, 1.012639434770178]",1.803208514452766e-05,0
vtb,germany-bbl,1.0140722339824144,0.018874380483155286,"[0.9772432842271112, 1.0522891406180264]",1.7064681835734498e-05,0
vtb,greece-a1,1.0300523837883577,0.021577870513696577,"[0.9873971226670716, 1.0745503394644047]",2.2303342283707342e-05,0
vtb,israel-bsl,0.9860117126001329,0.023375763064008244,"[0.9418553794888344, 1.0322381955415403]",2.6174860600937516e-05,0
vtb,italy-lba,0.9596474746387562,0.01903150701832438,"[0.9245103530908958, 0.9961200245098812]",1.7349986576029106e-05,0
vtb,lithuania-lkl,1.0527587538883567,0.021268978521599775,"[1.0097743654807683, 1.097572915074832]",2.1669358246552024e-05,0
vtb,spain-acb,0.8922576508562128,0.0168949081884466,"[0.8631952551148929, 0.9222985307136353]",1.3673020227724356e-05,0
vtb,turkey-bsl,0.9962953837636008,0.018687609972728024,"[0.9604635842021058, 1.0334639522364149]",1.6728627356932225e-05,0
