league,destination,realised,n,factor
aba-league,eurocup,0.8622891266185889,15,0.8939705592937748
aba-league,euroleague,0.7129216497022273,9,0.7735097347231952
france-pro-a,eurocup,1.0743477346816792,14,0.9706216909709254
france-pro-a,euroleague,0.8166109307558697,11,0.8335254123997603
germany-bbl,eurocup,0.9087847752268872,25,0.9277509158176364
germany-bbl,euroleague,0.7789898069619668,5,0.7974983635875074
greece-a1,eurocup,0.9765725257330721,15,0.9740177167355675
greece-a1,euroleague,0.8334538810004188,1,0.7838059796160188
israel-bsl,eurocup,0.8817244330054257,16,0.9558842599964952
israel-bsl,euroleague,0.8894862225619392,3,0.8291117195225922
italy-lba,eurocup,0.9122028982574819,21,0.9623427331687494
italy-lba,euroleague,0.9459503112649881,8,0.8749789411726404
lithuania-lkl,eurocup,0.9223875892434534,15,0.8897895463103352
lithuania-lkl,euroleague,0.7363075313179039,2,0.7946661985021765
spain-acb,eurocup,1.067585190738376,20,1.0442019457463623
spain-acb,euroleague,0.7482790240809372,13,0.9187860717893345
turkey-bsl,eurocup,0.9088497130575997,23,0.9293571698140932
turkey-bsl,euroleague,0.8420354322545904,7,0.835450994744443
vtb,eurocup,0.9711670817451128,2,0.9364642065721166
vtb,euroleague,0.7360391920345704,6,0.8257770365106516
